{"Money":0,"PlayerPosition":{"x":505.6099853515625,"y":22.004993438720704,"z":0.0},"MoneyDatas":[{"MoneyName":"Money","WasPickedUp":false,"Y":139.9999542236328}]}