{"Money":0,"PlayerPosition":{"x":20.706361770629884,"y":-1.9961888790130616,"z":0.0},"MoneyDatas":[]}